<?xml version="1.0" encoding="UTF-8"?>
<!DOCTYPE payara-web-app PUBLIC "-//Payara.fish//DTD Payara Server 4 Servlet 3.0//EN" "https://docs.payara.fish/schemas/payara-web-app_4.dtd">
<payara-web-app error-url="">
    
  <security-role-mapping>
    <role-name>ADMIN_ROLE</role-name>
    <group-name>ADMIN_GROUP</group-name>
  </security-role-mapping>
  
  <security-role-mapping>
    <role-name>HR_ROLE</role-name>
    <group-name>HR_GROUP</group-name>
  </security-role-mapping>
  
  <security-role-mapping>
    <role-name>IT_ROLE</role-name>
    <group-name>IT_GROUP</group-name>
  </security-role-mapping>
  
  <class-loader delegate="true"/>
  
</payara-web-app>
